"id","priority","phase","area","title","description","acceptance_criteria","test_mcp","required_skills","required_mcp","review_initial_requirements","review_regression_requirements","dev_state","review_initial_state","review_regression_state","git_state","owner","refs","notes"
"SPEC-01","P0","1","infra","Enable PMULL GHASH during Switch startup","Initialize Chiaki libnx crypto once before any PlayStation session while preserving non-Switch builds and startup resilience.","WHEN the Switch app starts THEN it requests CHIAKI_LIBNX_GHASH_PMULL and logs requested/active mode before PS session creation; WHEN PMULL is unavailable THEN startup continues with a warning; WHEN desktop code builds THEN no libnx-only symbol is referenced; ref: src/main.cpp:51","CONTRACT","","","Review include path and initialization order against installed Chiaki headers; verify failure is non-fatal and startup stays light.","Run PMULL contract test and Switch build; confirm CHIAKI_LIB_ENABLE_LIBNX_EXPERIMENTAL remains enabled and no Xbox scheduling behavior changes.","已完成","已完成","已完成","已提交","","src/main.cpp:53; src/ps/chiaki_crypto_init.cpp:1; tools/chiaki_switch/build_in_container.sh:90","source_doc:/Users/zhouyang/Downloads/LunarNX_PS_30Mbps_High_Bitrate_Fix_Spec.md; picked_reason:P0 startup prerequisite for all PS crypto contexts; done_at:2026-08-20; skills_used:mission-approved-doc; evidence:python3 tests/chiaki_pmull_runtime_test.py passed and git diff --check passed; risk:low Switch link deferred to required full Docker validation in SPEC-05"
"SPEC-02","P0","2","backend","Add dependency-safe bounded PS video scheduling","Add BoundedLowLatency with 3 AU, 8 MiB, and 50 ms limits so Chiaki callbacks copy and enqueue complete access units without synchronous decode.","WHEN PS streaming initializes THEN bounded scheduling is the default with 3 packets/8 MiB/50 ms limits; WHEN Xbox initializes THEN RealtimeQueued behavior is unchanged; WHEN a bounded AU is accepted THEN callback returns after one owned copy and worker notification without decode; ref: src/stream/media_pipeline.h:48","CONTRACT","","","Review queue ownership, monotonic timestamps, configurable per-mode limits, direct-mode A/B macro, and absence of decoder work on callback path.","Run scheduling and async pipeline tests; inspect Xbox controller remains RealtimeQueued; validate queue count/bytes/age contracts without sleep-based assertions.","已完成","已完成","已完成","已提交","","src/stream/media_pipeline.h:46; src/stream/media_pipeline.cpp:253; src/ps/ps_stream_controller.cpp:304; tests/ps_bounded_video_queue_test.py:1","source_doc:/Users/zhouyang/Downloads/LunarNX_PS_30Mbps_High_Bitrate_Fix_Spec.md; picked_reason:P0 root-cause callback decoupling and prerequisite for recovery semantics; done_at:2026-08-20; skills_used:mission-csv-execute; evidence:scheduling async bounded queue and Xbox session contract tests passed; evidence:desktop compiler successfully compiled media_pipeline.cpp and ps_stream_controller.cpp; risk:low full desktop link blocked later by pre-existing missing local mbedtls checkout"
"SPEC-03","P0","3","backend","Recover bounded backlog through decoder epochs","Reuse hard video recovery for count, byte, age, and decode failures with decoder reset, IDR gating, generation checks, and recovery epochs.","WHEN the fourth non-random AU or an aged AU exceeds limits THEN queued AUs are cleared, epoch increments, decoder reset is pending, waiting-for-keyframe is set, and only one rate-limited IDR intent is raised; WHEN a random-access AU arrives during recovery THEN reset occurs before decode and waiting clears only after successful decode; WHEN shutdown races enqueue/decode THEN no released component is accessed; ref: src/stream/media_pipeline.cpp:315","AUTOSERVER","","","Review lock ordering, shutdown/join ordering, stale generation/epoch checks, intentional-drop true semantics, allocation/oversize failure handling, and exactly-once decoder reset ownership.","Run bounded queue, IDR recovery, lifecycle, async scheduling, session order, and full Python regressions; confirm no per-P-frame IDR storm and no renderer backlog.","已完成","已完成","已完成","已提交","","src/stream/media_pipeline.cpp:318; src/stream/media_pipeline.h:140; src/ps/ps_media_bridge.cpp:17; tests/ps_bounded_video_queue_test.py:1","source_doc:/Users/zhouyang/Downloads/LunarNX_PS_30Mbps_High_Bitrate_Fix_Spec.md; picked_reason:inseparable dependency-safe half of bounded queue implementation; done_at:2026-08-20; skills_used:mission-csv-execute; evidence:hard recovery clears queue and advances epoch while intentional dependent drops return true; evidence:worker checks age before and after pop/reset; evidence:async lifecycle and Xbox session order tests passed; risk:medium real decoder timing and shutdown races require Switch simulator/hardware validation in SPEC-05"
"SPEC-04","P1","4","backend","Add PS high-bitrate decoder and queue diagnostics","Apply conservative NVDEC low-delay flags, aggregate PSQ metrics every 10 seconds, and report actual receive socket buffer on local and remote Chiaki paths.","WHEN Switch NVDEC opens THEN LOW_DELAY, FAST, has_b_frames=0, thread_count=1, and extra_hw_frames=16 are active without default loop-filter skipping; WHEN bounded PS runs THEN one aggregated LUNARNX-PSQ line reports queue/copy/decode/recovery metrics every 10 seconds; WHEN Chiaki sockets set SO_RCVBUF THEN requested and actual values are logged for local and remote paths; ref: src/stream/video_decoder.cpp:196","CONTRACT","","","Review hot paths only update counters, aggregation is diagnostic-gated where appropriate, PMULL one-shot log remains available, and recvbuf patch applies to both socket branches.","Run decoder/diagnostic contract tests; build Chiaki with transport diagnostics on and off; verify patch application and Switch link in both configurations.","已完成","已完成","已完成","已提交","","src/stream/video_decoder.cpp:191; src/stream/media_pipeline.cpp:492; tools/chiaki_switch/lunarnx-chiaki-recvbuf.patch:18; src/ps/chiaki_log_adapter.cpp:73; tests/ps_high_bitrate_contract_test.py:1","source_doc:/Users/zhouyang/Downloads/LunarNX_PS_30Mbps_High_Bitrate_Fix_Spec.md; picked_reason:remaining observability and conservative decoder headroom before full builds; done_at:2026-08-20; skills_used:mission-csv-execute; evidence:PS high-bitrate hardware decode and async pipeline contract tests passed; evidence:recvbuf patch applies cleanly to pinned Chiaki checkout; evidence:desktop compiler built media_pipeline and video_decoder objects; risk:low diagnostics on/off Chiaki and Switch linking deferred to SPEC-05"
"SPEC-05","P0","5","infra","Validate Switch build and streaming regression surface","Execute full automated regressions, diagnostics on/off Chiaki builds, Docker Switch NRO build, BSS guard, and available simulator smoke testing while documenting real-hardware gaps honestly.","WHEN implementation is complete THEN python3 -m pytest tests, focused WebRTC/session tests, git diff --check, Chiaki diagnostics on/off builds, Docker Switch NRO build, and switch_nro_bss_test pass; WHEN simulator mock smoke is locally possible THEN complete it and record evidence; WHEN real PS5/Switch 30-minute testing is unavailable THEN record validation_limited and manual A/B matrix without claiming hardware acceptance; ref: docs/ryujinx_testing.md:1","MANUAL","","","Review all build commands follow AGENTS.md Docker constraints, generated artifacts/tokens/logs are not committed, and test evidence is tied to the exact branch commits.","Confirm Xbox scheduling unchanged, NRO BSS below 32 MiB, diagnostics-off link succeeds, mock streaming is attempted or limitation documented, and real-hardware 30 Mbps/network-disturbance claims are not overstated.","已完成","已完成","已完成","已提交","","docs/ryujinx_testing.md:1; Makefile.switch:1; tests/switch_nro_bss_test.py:1","source_doc:/Users/zhouyang/Downloads/LunarNX_PS_30Mbps_High_Bitrate_Fix_Spec.md; picked_reason:P0 final executable evidence gate before review and PR; done_at:2026-08-20; skills_used:mission-csv-execute; evidence:focused WebRTC/session/media/PS queue/PMULL/transport/ABI/hardware-decode tests passed; evidence:Chiaki Switch library built in Docker with CHIAKI_TRANSPORT_DIAG=1 and =0; evidence:full diagnostic Switch NRO and PS mock replay NRO built with devkitpro/devkita64:20251117 and CURL_PROVIDER=moonlight; evidence:switch_nro_bss_test.py passed with BSS 20.4 MiB; evidence:git diff --check passed; simulator_attempt:Ryubing Canary launched PS mock replay and confirmed GHASH requested=PMULL active=PMULL plus H.264 fixture delivery, but hardware_zero_copy renderer initialization stalled so media_running remained 0 and no LUNARNX-PSQ steady-state sample was produced; validation_limited:python3 -m pytest tests was not claimable because tests execute during import and unrelated baseline/environment checks fail (missing optional dependencies/checkouts and stale textual contracts), while all focused relevant regressions passed; validation_limited:no real Switch/PS5 1080p60 30 Mbps 30-minute soak or network-disturbance matrix; risk:medium final performance and recovery acceptance remains real-hardware dependent"
"REVIEW-01","P0","6","review","Review documented vision against delivered work","Use a same-model sub-agent review to compare the approved spec with delivered behavior, evidence level, CSV state, validation evidence, commits, and review log.","WHEN all prior non-review issues are closed THEN run same-model sub-agent review; verify PMULL startup activation, callback/decode decoupling, 3 AU/8 MiB/50 ms dependency-safe recovery, actual SO_RCVBUF and PSQ observability, Xbox isolation, diagnostics on/off builds, and honest separation of automated/simulator evidence from unavailable real Switch 30-minute and network-disturbance evidence; WHEN gaps are found THEN append follow-up issues and REVIEW-02; WHEN no executable gaps remain THEN close the CSV.","MANUAL","","","Verify all prior non-review rows are closed before running this review.","Run same-model sub-agent review against the approved spec goals/non-goals, diff/commits, test/build evidence, claim/evidence alignment, BSS guard, real-hardware acceptance limitations, and absence of forbidden pseudo-fixes.","已完成","已完成","已完成","已提交","","/Users/zhouyang/Downloads/LunarNX_PS_30Mbps_High_Bitrate_Fix_Spec.md:1; issues/2026-08-20_17-54-40-ps-30mbps-high-bitrate.review.md:1","review_kind:vision; review_agent:same-model-sub-agent; source_doc:/Users/zhouyang/Downloads/LunarNX_PS_30Mbps_High_Bitrate_Fix_Spec.md; result:gaps_found; followups:FOLLOWUP-01,FOLLOWUP-02,REVIEW-02; evidence:independent review found source-only queue tests and missing explicit TABLE fallback warning"
"FOLLOWUP-01","P0","7","test","Execute bounded queue policy and recovery gates","Extract deterministic production policy predicates and execute count, byte, 50 ms boundary, oversize, IDR/reset ordering, stale generation/epoch, and shutdown race checks in a compiled C++ test.","WHEN the executable policy test runs THEN the fourth AU recovers, 49 ms accepts, 50 ms recovers, oversize rejects, dependent recovery frames drop, reset precedes IDR decode, and stale generation/epoch/stopped packets reject; production MediaPipeline must call the tested predicates.","AUTOSERVER","","","Review that the test compiles and executes production policy code rather than duplicating it, and that Xbox queue constants remain unchanged.","Run executable policy test, bounded queue/async/scheduling regressions, desktop media object compile, Switch Docker build, BSS guard, and git diff --check.","已完成","已完成","已完成","已提交","","src/stream/bounded_video_queue_policy.h:1; tests/bounded_video_queue_policy_test.cpp:1; src/stream/media_pipeline.cpp:421","picked_reason:REVIEW-01 executable validation gap; skills_used:mission-csv-execute; done_at:2026-08-20; evidence:compiled C++ policy test executed fourth-AU overflow, 49/50 ms boundary, oversize, dependent/IDR, reset, stale generation/epoch, and stopped-state gates; evidence:production MediaPipeline calls tested predicates; evidence:bounded async scheduling and Xbox regressions passed; evidence:desktop media object and clean Docker Switch NRO built; evidence:BSS 20.4 MiB and git diff --check passed"
"FOLLOWUP-02","P1","8","infra","Warn explicitly when PMULL falls back to TABLE","Persist an explicit non-fatal warning when the active Chiaki GHASH mode is not PMULL.","WHEN Switch startup requests PMULL but getter reports TABLE THEN a persistent chiaki-crypto-warning states that TABLE fallback is active and startup continues.","CONTRACT","","","Review warning is Switch-only, non-fatal, one-shot, and emitted in addition to requested/active telemetry.","Run PMULL contract test and Switch Docker build.","已完成","已完成","已完成","已提交","","src/ps/chiaki_crypto_init.cpp:13; tests/chiaki_pmull_runtime_test.py:1","picked_reason:REVIEW-01 explicit fallback warning gap; skills_used:mission-csv-execute; done_at:2026-08-20; evidence:PMULL contract verifies explicit persistent chiaki-crypto-warning; evidence:clean Docker Switch NRO build passed and startup behavior remains non-fatal"
"REVIEW-02","P0","9","review","Re-review vision after executable validation fixes","Use a same-model sub-agent to verify REVIEW-01 gaps are closed without regressing the approved spec.","WHEN follow-ups are closed THEN independently inspect production policy integration, executable C++ evidence, PMULL warning, Switch build/BSS, original feature behavior, and honest hardware limitations; append further work if gaps remain.","MANUAL","","","Verify FOLLOWUP-01 and FOLLOWUP-02 are closed before review.","Compare spec, CSV, review log, diff/commits, focused tests, Docker build/BSS evidence, and claim/evidence alignment.","未开始","未开始","未开始","未提交","","issues/2026-08-20_17-54-40-ps-30mbps-high-bitrate.review.md:1","review_kind:vision; review_agent:same-model-sub-agent; source_doc:/Users/zhouyang/Downloads/LunarNX_PS_30Mbps_High_Bitrate_Fix_Spec.md"
